{
  "timestamp": "20241228_150217",
  "config": {
    "plot_config": {
      "theme": "dark",
      "colors": {
        "background": "#1E1E1E",
        "text": "#FFFFFF",
        "grid": "#333333",
        "lines": [
          "#00A7E1",
          "#FF5733",
          "#33FF57",
          "#5733FF",
          "#FFD700"
        ],
        "heatmap": "viridis"
      },
      "font_size": {
        "title": 12,
        "axis": 10,
        "legend": 8
      },
      "layout": {
        "figure_size": [
          15,
          10
        ],
        "dpi": 100,
        "grid_spec": [
          3,
          3
        ]
      }
    },
    "processing": {
      "buffer_size": 1000,
      "update_interval": 0.1,
      "downsample_factor": 1,
      "smoothing_window": 5
    },
    "freq_bands": {
      "delta": [
        0.5,
        4
      ],
      "theta": [
        4,
        8
      ],
      "alpha": [
        8,
        13
      ],
      "beta": [
        13,
        30
      ],
      "gamma": [
        30,
        45
      ]
    },
    "enabled_plots": {
      "raw_eeg": true,
      "spectrogram": true,
      "topomap": true,
      "band_powers": true,
      "prediction_history": true,
      "connectivity": true,
      "feature_importance": true,
      "prediction_confidence": true
    },
    "export_config": {
      "formats": [
        "csv",
        "json",
        "mat",
        "edf",
        "png",
        "svg",
        "html"
      ],
      "compression": true,
      "include_metadata": true,
      "auto_export_interval": 300
    },
    "analysis": {
      "metrics": [
        "accuracy",
        "confusion_matrix",
        "roc_curve"
      ],
      "sliding_window": 60,
      "baseline_correction": true,
      "artifact_rejection": true,
      "noise_threshold": 100
    },
    "realtime": {
      "artifact_rejection": true,
      "adaptive_filtering": true,
      "prediction_threshold": 0.8,
      "buffer_overlap": 0.5
    }
  },
  "formats": [
    "csv",
    "json",
    "mat",
    "edf",
    "h5",
    "png",
    "svg",
    "html",
    "pdf",
    "xlsx"
  ],
  "compression_type": "ZIP_DEFLATED"
}